{"total_loss": 0.03735656586504139, "_timestamp": 1719514230.6842818, "_runtime": 180396.92130374908, "_step": 56239, "iou_class_background": 0.7946693712735092, "mIoU": 0.49326888852054274, "iou_class_human": 0.652121003598796, "iou_class_plant": 0.06101053268962032, "iou_class_wreck": 0.5214981294244968, "iou_class_robots": 0.23916588432513933, "iou_class_reef": 0.6068336520416066, "iou_class_fish": 0.6422797610863105, "iou_class_rocks": 0.42857277372486297, "_wandb": {"runtime": 180398}}