{"total_loss": 0.037459927435208866, "total_loss_x": 0.01645929564174812, "total_loss_s": 0.1108418621271002, "total_loss_w_fp": 0.006079254893364606, "_timestamp": 1710801948.2380881, "_runtime": 15525.400922060013, "_step": 21290, "iou_class_background": 89.28659737727016, "mIoU": 39.7968341207573, "iou_class_aeroplane": 65.05245096950851, "iou_class_bicycle": 55.40238325417914, "iou_class_bird": 45.59619292604501, "iou_class_boat": 65.09448135106317, "iou_class_bottle": 10.263537006418986, "iou_class_bus": 51.56112497413808, "iou_class_car": 55.00477757062868, "iou_class_cat": 2.637858168015803, "iou_class_chair": 16.27126104083846, "iou_class_cow": 43.26685628959416, "iou_class_dining table": 1.394909418095617, "iou_class_dog": 49.23567925834914, "iou_class_horse": 56.81469528083235, "iou_class_motorbike": 35.153234747122006, "iou_class_person": 74.22377031108981, "iou_class_potted plant": 23.454704533302696, "iou_class_sheep": 60.91923489709522, "iou_class_sofa": 4.483061779304679, "iou_class_train": 8.792229049695415, "iou_class_tv/monitor": 21.824476333316387, "_wandb": {"runtime": 15525}}